{"spin": 100000, "total_payout": 3431936, "average_payout": 34.31936, "max_payout_per_1000_spins": 3161, "average_default_payout": 1.0601336302895323, "average_bonus1_payout": 100.72727272727273, "average_bonus2_payout": 497.27659574468083, "average_bonus1": 0.05573, "average_bonus2": 0.0593, "total_bonuses": 11503, "total_bonus1": 5573, "total_bonus2": 5930, "_timestamp": 1709356679.753418, "_runtime": 25.640503883361816, "_step": 99, "_wandb": {"runtime": 24}}