{"spin": 100000, "total_payout": 592490, "average_payout": 5.9249, "max_payout_per_1000_spins": 765, "average_default_payout": 0.5095541401273885, "average_bonus1_payout": 25.638297872340427, "average_bonus2_payout": 180.9090909090909, "average_bonus1": 0.04903, "average_bonus2": 0.01864, "total_bonuses": 6767, "total_bonus1": 4903, "total_bonus2": 1864, "_timestamp": 1709359839.9768937, "_runtime": 24.09276270866394, "_step": 99, "_wandb": {"runtime": 22}}