{"spin": 100000, "total_payout": 1166375, "average_payout": 11.66375, "max_payout_per_1000_spins": 837, "average_default_payout": 1.2486602357984995, "average_bonus1_payout": 77.20833333333333, "average_bonus2_payout": 331.8421052631579, "average_bonus1": 0.04886, "average_bonus2": 0.01838, "total_bonuses": 6724, "total_bonus1": 4886, "total_bonus2": 1838, "_timestamp": 1709357146.9835196, "_runtime": 23.429802656173706, "_step": 99, "_wandb": {"runtime": 22}}