{"spin": 100000, "total_payout": 577850, "average_payout": 5.7785, "max_payout_per_1000_spins": 1280, "average_default_payout": 0.3891891891891892, "average_bonus1_payout": 32.8, "average_bonus2_payout": 176.8, "average_bonus1": 0.05008, "average_bonus2": 0.01912, "total_bonuses": 6920, "total_bonus1": 5008, "total_bonus2": 1912, "_timestamp": 1709358189.2285028, "_runtime": 23.989982843399048, "_step": 99, "_wandb": {"runtime": 22}}