{"spin": 100000, "total_payout": 21035115, "average_payout": 210.35115, "max_payout_per_1000_spins": 3264, "average_bonus1": 0.10629, "average_bonus2": 0.48966, "total_bonuses": 59595, "total_bonus1": 10629, "total_bonus2": 48966, "_timestamp": 1709354619.3099267, "_runtime": 49.75636577606201, "_step": 99, "_wandb": {"runtime": 48}}