{"total_spins": 100000, "total_payout": 112018, "average_payout": 1.12018, "average_bonus1": 0.08887, "average_bonus2": 0.91113, "total_bonuses": 100000, "total_bonus1": 8887, "total_bonus2": 91113, "_timestamp": 1709351080.455381, "_runtime": 21.627123832702637, "_step": 0, "_wandb": {"runtime": 20}}