{"spin": 100000, "total_payout": 5015611, "average_payout": 50.15611, "max_payout_per_1000_spins": 3547, "average_bonus1": 0.1055, "average_bonus2": 0.06986, "total_bonuses": 17536, "total_bonus1": 10550, "total_bonus2": 6986, "_timestamp": 1709354841.310945, "_runtime": 29.31844711303711, "_step": 99, "_wandb": {"runtime": 28}}