{"spin": 100000, "total_payout": 12014799, "average_payout": 120.14799, "max_payout_per_1000_spins": 2908, "average_bonus1": 0.09004, "average_bonus2": 0.90996, "total_bonuses": 100000, "total_bonus1": 9004, "total_bonus2": 90996, "_timestamp": 1709353876.586448, "_runtime": 58.73671293258667, "_step": 99, "_wandb": {"runtime": 57}}