{"spin": 100000, "total_payout": 2833999, "average_payout": 28.33999, "max_payout_per_1000_spins": 2488, "average_default_payout": 3.2994708994708994, "average_bonus1_payout": 116.03333333333333, "average_bonus2_payout": 683.12, "average_bonus1": 0.02773, "average_bonus2": 0.03461, "total_bonuses": 6234, "total_bonus1": 2773, "total_bonus2": 3461, "_timestamp": 1709355632.0251322, "_runtime": 26.095027208328247, "_step": 99, "_wandb": {"runtime": 24}}