{"spin": 100000, "total_payout": 580450, "average_payout": 5.8045, "max_payout_per_1000_spins": 2210, "average_default_payout": 0.5200433369447454, "average_bonus1_payout": 19.29824561403509, "average_bonus2_payout": 266.5, "average_bonus1": 0.04957, "average_bonus2": 0.01843, "total_bonuses": 6800, "total_bonus1": 4957, "total_bonus2": 1843, "_timestamp": 1709357352.2196004, "_runtime": 23.847084522247314, "_step": 99, "_wandb": {"runtime": 22}}