{"spin": 100000, "total_payout": 5736111, "average_payout": 57.36111, "max_payout_per_1000_spins": 3854, "average_bonus1": 0.02784, "average_bonus2": 0.08926, "total_bonuses": 11710, "total_bonus1": 2784, "total_bonus2": 8926, "_timestamp": 1709355040.6697328, "_runtime": 28.157728910446167, "_step": 99, "_wandb": {"runtime": 27}}