{"spin": 100000, "total_payout": 2905173, "average_payout": 29.05173, "max_payout_per_1000_spins": 3228, "average_bonus1": 0.02826, "average_bonus2": 0.03562, "total_bonuses": 6388, "total_bonus1": 2826, "total_bonus2": 3562, "_timestamp": 1709355192.9623315, "_runtime": 25.791690587997437, "_step": 99, "_wandb": {"runtime": 24}}