{"spin": 100000, "total_payout": 4882011, "average_payout": 48.82011, "max_payout_per_1000_spins": 2001, "average_default_payout": 0.5070754716981132, "average_bonus1_payout": 130.29545454545453, "average_bonus2_payout": 406.4074074074074, "average_bonus1": 0.05544, "average_bonus2": 0.10707, "total_bonuses": 16251, "total_bonus1": 5544, "total_bonus2": 10707, "_timestamp": 1709356537.2603016, "_runtime": 27.7525315284729, "_step": 99, "_wandb": {"runtime": 26}}