{"spin": 100000, "total_payout": 12024267, "average_payout": 120.24267, "max_payout_per_1000_spins": 3103, "average_bonus1": 0.09257, "average_bonus2": 0.90743, "total_bonuses": 100000, "total_bonus1": 9257, "total_bonus2": 90743, "_timestamp": 1709353426.086263, "_runtime": 57.96270489692688, "_step": 99, "_wandb": {"runtime": 56}}