{"spin": 100000, "total_payout": 9078126, "average_payout": 90.78126, "max_payout_per_1000_spins": 3865, "average_default_payout": 0.02674591381872214, "average_bonus1_payout": 105.44, "average_bonus2_payout": 307.20216606498195, "average_bonus1": 0.05531, "average_bonus2": 0.27885, "total_bonuses": 33416, "total_bonus1": 5531, "total_bonus2": 27885, "_timestamp": 1709356485.7368264, "_runtime": 34.17589831352234, "_step": 99, "_wandb": {"runtime": 33}}