{"spin": 100000, "total_payout": 565135, "average_payout": 5.65135, "max_payout_per_1000_spins": 565, "average_default_payout": 0.1989247311827957, "average_bonus1_payout": 30.555555555555557, "average_bonus2_payout": 170.625, "average_bonus1": 0.0481, "average_bonus2": 0.01844, "total_bonuses": 6654, "total_bonus1": 4810, "total_bonus2": 1844, "_timestamp": 1709358344.5942898, "_runtime": 23.954416751861572, "_step": 99, "_wandb": {"runtime": 22}}