{"spin": 100000, "total_payout": 9087384, "average_payout": 90.87384, "max_payout_per_1000_spins": 3112, "average_bonus1": 0.10829, "average_bonus2": 0.16061, "total_bonuses": 26890, "total_bonus1": 10829, "total_bonus2": 16061, "_timestamp": 1709354761.2339883, "_runtime": 34.573530197143555, "_step": 99, "_wandb": {"runtime": 33}}