{"spin": 100000, "total_payout": 2287821, "average_payout": 22.87821, "max_payout_per_1000_spins": 1404, "average_default_payout": 1.3938393839383938, "average_bonus1_payout": 83.30357142857143, "average_bonus2_payout": 400.65714285714284, "average_bonus1": 0.05537, "average_bonus2": 0.03032, "total_bonuses": 8569, "total_bonus1": 5537, "total_bonus2": 3032, "_timestamp": 1709356905.7105072, "_runtime": 24.502851247787476, "_step": 99, "_wandb": {"runtime": 23}}