{"spin": 100000, "total_payout": 1792868, "average_payout": 17.92868, "max_payout_per_1000_spins": 1920, "average_default_payout": 1.7516268980477223, "average_bonus1_payout": 86.71153846153847, "average_bonus2_payout": 640.7692307692307, "average_bonus1": 0.05357, "average_bonus2": 0.02564, "total_bonuses": 7921, "total_bonus1": 5357, "total_bonus2": 2564, "_timestamp": 1709357099.0175576, "_runtime": 24.373904705047607, "_step": 99, "_wandb": {"runtime": 23}}