{"spin": 100000, "total_payout": 93440797, "average_payout": 934.40797, "max_payout_per_1000_spins": 5916, "average_bonus1": 0.19399, "average_bonus2": 0.65863, "total_bonuses": 85262, "total_bonus1": 19399, "total_bonus2": 65863, "_timestamp": 1709354548.9928575, "_runtime": 76.8836784362793, "_step": 99, "_wandb": {"runtime": 75}}