{"spin": 100000, "total_payout": 113052, "average_payout": 1.13052, "average_bonus1": 0.08868, "average_bonus2": 0.91132, "total_bonuses": 100000, "total_bonus1": 8868, "total_bonus2": 91132, "_timestamp": 1709351582.6058357, "_runtime": 21.70621657371521, "_step": 99, "_wandb": {"runtime": 20}}